<?xml version="1.0" encoding="UTF-8"?>

<RepositoryEntryProperties>
  <Softkey>myolat_12_1656210636158182</Softkey>
  <ResourceName>sql2regex_-_Schueler_innen.zip</ResourceName>
  <DisplayName>sql2regex - Schüler:innen</DisplayName>
  <Description></Description>
  <InitialAuthor>s6363112@tu-dresden.de</InitialAuthor>
  <Metadata>&lt;list&gt; &lt;org.olat.repository.MetaDataElement&gt; &lt;creationDate class="sql-timestamp"&gt;2022-06-26 09:53:45.242&lt;/creationDate&gt; &lt;version&gt;0&lt;/version&gt; &lt;name&gt;test_type&lt;/name&gt; &lt;value&gt;TEST_TYPE_ONYX&lt;/value&gt; &lt;repoKey&gt;0&lt;/repoKey&gt; &lt;/org.olat.repository.MetaDataElement&gt; &lt;org.olat.repository.MetaDataElement&gt; &lt;creationDate class="sql-timestamp"&gt;2022-06-26 09:53:45.298&lt;/creationDate&gt; &lt;version&gt;0&lt;/version&gt; &lt;name&gt;lastOwnerAccess&lt;/name&gt; &lt;value&gt;1656237225298&lt;/value&gt; &lt;repoKey&gt;0&lt;/repoKey&gt; &lt;/org.olat.repository.MetaDataElement&gt; &lt;org.olat.repository.MetaDataElement&gt; &lt;creationDate class="sql-timestamp"&gt;2022-06-26 09:56:51.143&lt;/creationDate&gt; &lt;version&gt;0&lt;/version&gt; &lt;name&gt;RESSOURCE_TYPE&lt;/name&gt; &lt;value&gt;TEST&lt;/value&gt; &lt;repoKey&gt;0&lt;/repoKey&gt; &lt;/org.olat.repository.MetaDataElement&gt; &lt;org.olat.repository.MetaDataElement&gt; &lt;creationDate class="sql-timestamp"&gt;2022-06-26 09:56:51.143&lt;/creationDate&gt; &lt;version&gt;0&lt;/version&gt; &lt;name&gt;PRODUCER&lt;/name&gt; &lt;value&gt;BPS Bildungsportal Sachsen GmbH&lt;/value&gt; &lt;repoKey&gt;0&lt;/repoKey&gt; &lt;/org.olat.repository.MetaDataElement&gt; &lt;org.olat.repository.MetaDataElement&gt; &lt;creationDate class="sql-timestamp"&gt;2022-06-26 09:56:51.143&lt;/creationDate&gt; &lt;version&gt;0&lt;/version&gt; &lt;name&gt;FORMAT&lt;/name&gt; &lt;value&gt;IMS QTI 2.1&lt;/value&gt; &lt;repoKey&gt;0&lt;/repoKey&gt; &lt;/org.olat.repository.MetaDataElement&gt; &lt;org.olat.repository.MetaDataElement&gt; &lt;creationDate class="sql-timestamp"&gt;2022-06-26 09:56:51.143&lt;/creationDate&gt; &lt;version&gt;0&lt;/version&gt; &lt;name&gt;LAST_ACCESS&lt;/name&gt; &lt;value&gt;2022-06-26T11:53:45Z&lt;/value&gt; &lt;repoKey&gt;0&lt;/repoKey&gt; &lt;timevalue class="sql-timestamp"&gt;2022-06-26 09:53:45&lt;/timevalue&gt; &lt;/org.olat.repository.MetaDataElement&gt; &lt;org.olat.repository.MetaDataElement&gt; &lt;creationDate class="sql-timestamp"&gt;2022-06-26 09:56:51.143&lt;/creationDate&gt; &lt;version&gt;0&lt;/version&gt; &lt;name&gt;CREATION_DATE&lt;/name&gt; &lt;value&gt;2022-06-26T11:53:45Z&lt;/value&gt; &lt;repoKey&gt;0&lt;/repoKey&gt; &lt;timevalue class="sql-timestamp"&gt;2022-06-26 09:53:45&lt;/timevalue&gt; &lt;/org.olat.repository.MetaDataElement&gt; &lt;org.olat.repository.MetaDataElement&gt; &lt;creationDate class="sql-timestamp"&gt;2022-06-26 09:56:51.143&lt;/creationDate&gt; &lt;version&gt;0&lt;/version&gt; &lt;name&gt;LAST_MODIFIED&lt;/name&gt; &lt;value&gt;2022-06-26T12:21:08Z&lt;/value&gt; &lt;repoKey&gt;0&lt;/repoKey&gt; &lt;timevalue class="sql-timestamp"&gt;2022-06-26 10:21:08&lt;/timevalue&gt; &lt;/org.olat.repository.MetaDataElement&gt; &lt;org.olat.repository.MetaDataElement&gt; &lt;creationDate class="sql-timestamp"&gt;2022-06-26 09:56:51.143&lt;/creationDate&gt; &lt;version&gt;0&lt;/version&gt; &lt;name&gt;AUTHOR&lt;/name&gt; &lt;value&gt;s6363112@tu-dresden.de&lt;/value&gt; &lt;repoKey&gt;0&lt;/repoKey&gt; &lt;/org.olat.repository.MetaDataElement&gt; &lt;org.olat.repository.MetaDataElement&gt; &lt;creationDate class="sql-timestamp"&gt;2022-06-26 09:56:51.143&lt;/creationDate&gt; &lt;version&gt;0&lt;/version&gt; &lt;name&gt;FAVOURITE&lt;/name&gt; &lt;value&gt;false&lt;/value&gt; &lt;repoKey&gt;0&lt;/repoKey&gt; &lt;/org.olat.repository.MetaDataElement&gt; &lt;org.olat.repository.MetaDataElement&gt; &lt;creationDate class="sql-timestamp"&gt;2022-06-26 09:56:51.143&lt;/creationDate&gt; &lt;version&gt;0&lt;/version&gt; &lt;name&gt;DESCRIPTION&lt;/name&gt; &lt;value&gt;&lt;/value&gt; &lt;repoKey&gt;0&lt;/repoKey&gt; &lt;/org.olat.repository.MetaDataElement&gt; &lt;org.olat.repository.MetaDataElement&gt; &lt;creationDate class="sql-timestamp"&gt;2022-06-26 09:56:51.143&lt;/creationDate&gt; &lt;version&gt;0&lt;/version&gt; &lt;name&gt;VERSION&lt;/name&gt; &lt;value&gt;9.18.2.1&lt;/value&gt; &lt;repoKey&gt;0&lt;/repoKey&gt; &lt;/org.olat.repository.MetaDataElement&gt; &lt;org.olat.repository.MetaDataElement&gt; &lt;creationDate class="sql-timestamp"&gt;2022-06-26 09:56:51.144&lt;/creationDate&gt; &lt;version&gt;0&lt;/version&gt; &lt;name&gt;IDENTIFIER&lt;/name&gt; &lt;value&gt;NeuerTest_1020014589&lt;/value&gt; &lt;repoKey&gt;0&lt;/repoKey&gt; &lt;/org.olat.repository.MetaDataElement&gt; &lt;org.olat.repository.MetaDataElement&gt; &lt;creationDate class="sql-timestamp"&gt;2022-06-26 09:56:51.144&lt;/creationDate&gt; &lt;version&gt;0&lt;/version&gt; &lt;name&gt;FILENAME&lt;/name&gt; &lt;value&gt;sql2regex_-_Schueler_innen.zip&lt;/value&gt; &lt;repoKey&gt;0&lt;/repoKey&gt; &lt;/org.olat.repository.MetaDataElement&gt; &lt;org.olat.repository.MetaDataElement&gt; &lt;creationDate class="sql-timestamp"&gt;2022-06-26 09:56:51.144&lt;/creationDate&gt; &lt;version&gt;0&lt;/version&gt; &lt;name&gt;LICENSE&lt;/name&gt; &lt;value&gt;&lt;/value&gt; &lt;repoKey&gt;0&lt;/repoKey&gt; &lt;/org.olat.repository.MetaDataElement&gt; &lt;org.olat.repository.MetaDataElement&gt; &lt;creationDate class="sql-timestamp"&gt;2022-06-26 09:56:51.144&lt;/creationDate&gt; &lt;version&gt;0&lt;/version&gt; &lt;name&gt;TOOL&lt;/name&gt; &lt;value&gt;ONYX Editor&lt;/value&gt; &lt;repoKey&gt;0&lt;/repoKey&gt; &lt;/org.olat.repository.MetaDataElement&gt; &lt;org.olat.repository.MetaDataElement&gt; &lt;creationDate class="sql-timestamp"&gt;2022-06-26 10:21:10.038&lt;/creationDate&gt; &lt;version&gt;0&lt;/version&gt; &lt;name&gt;NAME&lt;/name&gt; &lt;value&gt;sql2regex - Schüler:innen&lt;/value&gt; &lt;repoKey&gt;0&lt;/repoKey&gt; &lt;/org.olat.repository.MetaDataElement&gt; &lt;org.olat.repository.MetaDataElement&gt; &lt;creationDate class="sql-timestamp"&gt;2022-06-26 10:21:10.039&lt;/creationDate&gt; &lt;version&gt;0&lt;/version&gt; &lt;name&gt;NAME&lt;/name&gt; &lt;value&gt;sql2regex - Schüler:innen&lt;/value&gt; &lt;repoKey&gt;0&lt;/repoKey&gt; &lt;metagroup&gt;NAME&lt;/metagroup&gt; &lt;/org.olat.repository.MetaDataElement&gt; &lt;/list&gt;</Metadata>
</RepositoryEntryProperties>
