<backuptraces>
  <backupDate>2022-06-26 10:28:26.245 UTC</backupDate>
  <traces>
    <backuptrace>
      <version>1</version>
      <type>BaseCourse</type>
      <errors/>
    </backuptrace>
    <backuptrace>
      <version>1</version>
      <type>BaseCourseNode</type>
      <subTraces>
        <backuptrace>
          <version>1</version>
          <type>sp</type>
          <errors/>
        </backuptrace>
        <backuptrace>
          <version>1</version>
          <type>iqtest</type>
          <errors/>
        </backuptrace>
        <backuptrace>
          <version>1</version>
          <type>iqtest</type>
          <errors/>
        </backuptrace>
      </subTraces>
      <errors/>
    </backuptrace>
    <backuptrace>
      <version>1</version>
      <type>Groups</type>
      <subTraces/>
      <errors/>
    </backuptrace>
    <backuptrace>
      <version>1</version>
      <type>CourseCalendar</type>
      <errors/>
    </backuptrace>
    <backuptrace>
      <version>1</version>
      <type>EvidenceOfAchievements</type>
      <errors/>
    </backuptrace>
  </traces>
</backuptraces>