<coursebackup>
  <repositoryEntry>
    <creationDate class="sql-timestamp">2022-06-21 14:39:31.59</creationDate>
    <key>35810017285</key>
    <version defined-in="org.olat.core.commons.persistence.PersistentObject">0</version>
    <softkey>myolat_3_1655778409577863</softkey>
    <olatResource class="olatresource">
      <creationDate class="sql-timestamp">2022-06-21 14:39:31.541</creationDate>
      <key>35809918993</key>
      <version>0</version>
      <resName>CourseModule</resName>
      <resId>1655778412242384003</resId>
    </olatResource>
    <resourcename>StEx_2021_22_-_sql2regex</resourcename>
    <displayname>StEx 2022/23 - sql2regex</displayname>
    <description></description>
    <initialAuthor>s6363112@tu-dresden.de</initialAuthor>
    <access>4</access>
    <canCopy>false</canCopy>
    <canReference>false</canReference>
    <canLaunch>true</canLaunch>
    <canDownload>false</canDownload>
    <statusCode>0</statusCode>
    <metaDataElements>
      <org.olat.repository.MetaDataElement>
        <creationDate class="sql-timestamp">2022-06-21 14:39:31.631</creationDate>
        <version>0</version>
        <name>lastOwnerAccess</name>
        <value>1656169591109</value>
        <repoKey>0</repoKey>
      </org.olat.repository.MetaDataElement>
      <org.olat.repository.MetaDataElement>
        <creationDate class="sql-timestamp">2022-06-21 14:43:03.362</creationDate>
        <version>0</version>
        <name>firstPublished</name>
        <value>1655822583362</value>
        <repoKey>0</repoKey>
      </org.olat.repository.MetaDataElement>
      <org.olat.repository.MetaDataElement>
        <creationDate class="sql-timestamp">2022-06-21 14:43:03.362</creationDate>
        <version>0</version>
        <name>lastPublished</name>
        <value>1656239281769</value>
        <repoKey>0</repoKey>
      </org.olat.repository.MetaDataElement>
      <org.olat.repository.MetaDataElement>
        <creationDate class="sql-timestamp">2022-06-23 14:12:22.308</creationDate>
        <version>0</version>
        <name>olatlinkinteresting</name>
        <value></value>
        <repoKey>0</repoKey>
      </org.olat.repository.MetaDataElement>
    </metaDataElements>
    <launchCounter>25</launchCounter>
    <downloadCounter>0</downloadCounter>
    <lastUsage class="sql-timestamp">2022-06-26 10:09:19.334</lastUsage>
    <version>84</version>
    <lastModified class="sql-timestamp">2022-06-26 10:28:01.769</lastModified>
    <externalUserConfig>1</externalUserConfig>
    <newRightsMigration>false</newRightsMigration>
  </repositoryEntry>
  <owners>
    <identity>
      <creationDate class="sql-timestamp">2017-08-01 17:53:54.685</creationDate>
      <key>14996471810</key>
      <version>2942</version>
      <name>s6363112@tu-dresden.de</name>
      <user class="user">
        <creationDate class="sql-timestamp">2017-08-01 17:53:54.681</creationDate>
        <key>14996439042</key>
        <version>65086</version>
        <properties class="org.hibernate.collection.internal.PersistentMap">
          <storedSnapshot class="map">
            <entry>
              <wordform>persistentId</wordform>
              <wordform>https://idp.tu-dresden.de/idp/shibboleth!https://bildungsportal.sachsen.de!Gx8LhP6blz/RfAAuPckqOj5CN/A=</wordform>
            </entry>
            <entry>
              <wordform>termsOfStudy</wordform>
              <wordform>BFE$10;128$10;079$10</wordform>
            </entry>
            <entry>
              <wordform>lastName</wordform>
              <wordform>Binkert</wordform>
            </entry>
            <entry>
              <wordform>firstName</wordform>
              <wordform>Patrick</wordform>
            </entry>
            <entry>
              <wordform>institutionalUserIdentifier</wordform>
              <wordform>4676774</wordform>
            </entry>
            <entry>
              <wordform>eduPersonOrgUnitDN</wordform>
              <wordform>ou=10001222,ou=10001195,ou=10000009,ou=10000004,ou=10000000,ou=tu-dresden,ou=structures,dc=tu-dresden,dc=de</wordform>
            </entry>
            <entry>
              <wordform>orgUnit</wordform>
              <wordform>Zentr.f.Lehrerbild,Schul-u.Berufsbildgfo</wordform>
            </entry>
            <entry>
              <wordform>studySubject</wordform>
              <wordform>Lehramt an Gymnasien;Informatik;Physik</wordform>
            </entry>
            <entry>
              <wordform>personType</wordform>
              <wordform>student;member;staff;employee</wordform>
            </entry>
            <entry>
              <wordform>salutationSelection</wordform>
              <wordform>1</wordform>
            </entry>
            <entry>
              <wordform>email</wordform>
              <wordform>patrick.binkert@mailbox.tu-dresden.de</wordform>
            </entry>
            <entry>
              <wordform>institutionalName</wordform>
              <wordform>TU Dresden</wordform>
            </entry>
          </storedSnapshot>
        </properties>
        <persistUserProperty>true</persistUserProperty>
      </user>
      <lastLogin class="sql-timestamp">2022-06-26 09:39:04.141</lastLogin>
      <status>2</status>
    </identity>
  </owners>
  <properties>
    <property>
      <creationDate class="sql-timestamp">2022-06-21 14:39:31.643</creationDate>
      <key>35805562176</key>
      <version>0</version>
      <identity class="identity" reference="../../../owners/identity"/>
      <resourceTypeName>CourseModule</resourceTypeName>
      <resourceTypeId>1655778412242384003</resourceTypeId>
      <category>NID:root::1655778412242385003</category>
      <name>initialCourseLaunchDate</name>
      <stringValue>1655822371642</stringValue>
      <lastModified class="sql-timestamp">2022-06-21 14:39:31.643</lastModified>
    </property>
    <property>
      <creationDate class="sql-timestamp">2022-06-21 14:39:31.646</creationDate>
      <key>35805562177</key>
      <version>306</version>
      <identity class="identity" reference="../../../owners/identity"/>
      <resourceTypeName>CourseModule</resourceTypeName>
      <resourceTypeId>1655778412242384003</resourceTypeId>
      <category>NID:root::1655778412242385003</category>
      <name>recentCourseLaunchDate</name>
      <stringValue>1656239290905</stringValue>
      <lastModified class="sql-timestamp">2022-06-26 10:28:10.907</lastModified>
    </property>
  </properties>
</coursebackup>