<?xml version="1.0" encoding="UTF-8"?>
<org.olat.course.config.CourseConfig>
  <version>12</version>
  <configuration class="hashtable">
    <entry>
      <wordform>KEY_EFFICENCY_RULES_ENABLED</wordform>
      <boolean>false</boolean>
    </entry>
    <entry>
      <wordform>DEFAULT_LANGUAGE</wordform>
      <wordform>de</wordform>
    </entry>
    <entry>
      <wordform>FORBID_EXTENSIONS</wordform>
      <wordform></wordform>
    </entry>
    <entry>
      <wordform>KEY_CERTIFICATE_ENABLED</wordform>
      <boolean>false</boolean>
    </entry>
    <entry>
      <wordform>SHAREDFOLDER_SOFTKEY</wordform>
      <wordform>sf.notconfigured</wordform>
    </entry>
    <entry>
      <wordform>KEY_DOWNLOAD_CERTIFICATE_ENABLED</wordform>
      <boolean>false</boolean>
    </entry>
    <entry>
      <wordform>KEY_CALENDAR_ENABLED</wordform>
      <boolean>false</boolean>
    </entry>
    <entry>
      <wordform>KEY_EFFICENCY_ENABLED</wordform>
      <boolean>false</boolean>
    </entry>
    <entry>
      <wordform>CSS_FILEREF</wordform>
      <wordform>form.layout.setsystemcss</wordform>
    </entry>
  </configuration>
</org.olat.course.config.CourseConfig>