<?xml version="1.0" encoding="UTF-8"?>
<org.olat.course.tree.CourseEditorTreeModel>
  <rootNode class="org.olat.course.tree.CourseEditorTreeNode">
    <ident>1655778412242385003</ident>
    <children class="linked-list">
      <org.olat.course.tree.CourseEditorTreeNode>
        <ident>1655951265526780012</ident>
        <parent class="org.olat.course.tree.CourseEditorTreeNode" reference="../../.."/>
        <children class="linked-list"/>
        <accessible>true</accessible>
        <selected>false</selected>
        <hrefPreferred>false</hrefPreferred>
        <invisible>false</invisible>
        <cn class="org.olat.course.nodes.SPCourseNode">
          <ident>1655951265526780012</ident>
          <type>sp</type>
          <shortTitle>Allgemeines</shortTitle>
          <longTitle></longTitle>
          <learningObjectives></learningObjectives>
          <displayOption>content</displayOption>
          <moduleConfiguration>
            <config>
              <entry>
                <wordform>startpage</wordform>
                <boolean>false</boolean>
              </entry>
              <entry>
                <wordform>file</wordform>
                <wordform>/opalStartSeite.html</wordform>
              </entry>
              <entry>
                <wordform>configversion</wordform>
                <int>3</int>
              </entry>
            </config>
          </moduleConfiguration>
          <noAccessExplanation>Dieses Kurselement ist nicht zugänglich.</noAccessExplanation>
          <preConditionVisibility>
            <conditionId>visibility</conditionId>
            <expertMode>false</expertMode>
            <easyModeBeginDates/>
            <easyModeEndDates/>
            <easyModeDisallowGuests>false</easyModeDisallowGuests>
            <easyModeCoachesAndAdmins>false</easyModeCoachesAndAdmins>
            <easyModeAlwaysAllowCoachesAndAdmins>false</easyModeAlwaysAllowCoachesAndAdmins>
            <licencesConditions/>
            <easyModeLicences>false</easyModeLicences>
          </preConditionVisibility>
          <preConditionAccess>
            <conditionId>accessability</conditionId>
            <expertMode>false</expertMode>
            <easyModeBeginDates/>
            <easyModeEndDates/>
            <easyModeDisallowGuests>false</easyModeDisallowGuests>
            <easyModeCoachesAndAdmins>false</easyModeCoachesAndAdmins>
            <easyModeAlwaysAllowCoachesAndAdmins>false</easyModeAlwaysAllowCoachesAndAdmins>
            <licencesConditions/>
            <easyModeLicences>false</easyModeLicences>
          </preConditionAccess>
          <additionalConditions/>
          <preConditionR>
            <conditionId>readers</conditionId>
            <expertMode>false</expertMode>
            <easyModeBeginDates/>
            <easyModeEndDates/>
            <easyModeDisallowGuests>false</easyModeDisallowGuests>
            <easyModeCoachesAndAdmins>false</easyModeCoachesAndAdmins>
            <easyModeAlwaysAllowCoachesAndAdmins>false</easyModeAlwaysAllowCoachesAndAdmins>
            <licencesConditions/>
            <easyModeLicences>false</easyModeLicences>
          </preConditionR>
          <preConditionRW>
            <conditionId>readerswriters</conditionId>
            <expertMode>false</expertMode>
            <condition>( isCourseCoach() or isCourseAdministrator() )</condition>
            <easyModeBeginDates/>
            <easyModeEndDates/>
            <easyModeDisallowGuests>false</easyModeDisallowGuests>
            <easyModeCoachesAndAdmins>true</easyModeCoachesAndAdmins>
            <easyModeAlwaysAllowCoachesAndAdmins>false</easyModeAlwaysAllowCoachesAndAdmins>
            <licencesConditions/>
            <easyModeLicences>false</easyModeLicences>
          </preConditionRW>
        </cn>
        <dirty>false</dirty>
        <deleted>false</deleted>
        <newnode>false</newnode>
      </org.olat.course.tree.CourseEditorTreeNode>
      <org.olat.course.tree.CourseEditorTreeNode>
        <ident>1656210636500722012</ident>
        <parent class="org.olat.course.tree.CourseEditorTreeNode" reference="../../.."/>
        <children class="linked-list"/>
        <accessible>true</accessible>
        <selected>false</selected>
        <hrefPreferred>false</hrefPreferred>
        <invisible>false</invisible>
        <cn class="org.olat.course.nodes.IQTESTCourseNode">
          <ident>1656210636500722012</ident>
          <type>iqtest</type>
          <shortTitle>Umfrage - Schüler:innen</shortTitle>
          <longTitle></longTitle>
          <learningObjectives>&lt;p&gt;&lt;img src=&quot;logo_sgl2regex_large.png&quot; alt=&quot;&quot; width=&quot;300&quot; /&gt;&lt;/p&gt;</learningObjectives>
          <displayOption>title+desc+content</displayOption>
          <moduleConfiguration>
            <config>
              <entry>
                <wordform>showoverview</wordform>
                <boolean>false</boolean>
              </entry>
              <entry>
                <wordform>cutvalue</wordform>
                <null/>
              </entry>
              <entry>
                <wordform>showResultMarkOnHomePage</wordform>
                <boolean>false</boolean>
              </entry>
              <entry>
                <wordform>enableCancel</wordform>
                <boolean>false</boolean>
              </entry>
              <entry>
                <wordform>itemShowScore</wordform>
                <boolean>false</boolean>
              </entry>
              <entry>
                <wordform>examips</wordform>
                <null/>
              </entry>
              <entry>
                <wordform>result_latest_or_best</wordform>
                <wordform>resultLatest</wordform>
              </entry>
              <entry>
                <wordform>configversion</wordform>
                <int>5</int>
              </entry>
              <entry>
                <wordform>mode</wordform>
                <wordform>Assessment</wordform>
              </entry>
              <entry>
                <wordform>suspendAllowed</wordform>
                <boolean>false</boolean>
              </entry>
              <entry>
                <wordform>testShowSolution</wordform>
                <boolean>false</boolean>
              </entry>
              <entry>
                <wordform>itemShowCorrect</wordform>
                <boolean>false</boolean>
              </entry>
              <entry>
                <wordform>certificateEnabled</wordform>
                <boolean>false</boolean>
              </entry>
              <entry>
                <wordform>enableScoreInfo</wordform>
                <boolean>false</boolean>
              </entry>
              <entry>
                <wordform>enableMenu</wordform>
                <boolean>true</boolean>
              </entry>
              <entry>
                <wordform>testShowFeedback</wordform>
                <boolean>false</boolean>
              </entry>
              <entry>
                <wordform>showAllResultsOnHomePage</wordform>
                <boolean>false</boolean>
              </entry>
              <entry>
                <wordform>showResultsOnHomePage</wordform>
                <boolean>false</boolean>
              </entry>
              <entry>
                <wordform>exambrowser</wordform>
                <boolean>false</boolean>
              </entry>
              <entry>
                <wordform>attempts</wordform>
                <int>0</int>
              </entry>
              <entry>
                <wordform>summary</wordform>
                <wordform>summaryCompact</wordform>
              </entry>
              <entry>
                <wordform>certificateTemplateShow</wordform>
                <boolean>false</boolean>
              </entry>
              <entry>
                <wordform>repoSoftkey</wordform>
                <wordform>myolat_12_1656210636158182</wordform>
              </entry>
              <entry>
                <wordform>examconfirm</wordform>
                <boolean>false</boolean>
              </entry>
              <entry>
                <wordform>showResultScoreOnHomePage</wordform>
                <boolean>false</boolean>
              </entry>
              <entry>
                <wordform>templateid</wordform>
                <wordform>onyxdefault</wordform>
              </entry>
              <entry>
                <wordform>showTaskTitles</wordform>
                <boolean>true</boolean>
              </entry>
              <entry>
                <wordform>showpdf</wordform>
                <boolean>false</boolean>
              </entry>
              <entry>
                <wordform>examsynchronizedstart</wordform>
                <boolean>false</boolean>
              </entry>
              <entry>
                <wordform>enableSuspend</wordform>
                <boolean>false</boolean>
              </entry>
              <entry>
                <wordform>qtitype</wordform>
                <wordform>qti2</wordform>
              </entry>
              <entry>
                <wordform>sequence</wordform>
                <wordform>itemPage</wordform>
              </entry>
              <entry>
                <wordform>itemShowMax</wordform>
                <boolean>false</boolean>
              </entry>
              <entry>
                <wordform>certificateTemplate</wordform>
                <wordform>certificateTemplate_olatce_de</wordform>
              </entry>
              <entry>
                <wordform>itemShowSolution</wordform>
                <boolean>false</boolean>
              </entry>
              <entry>
                <wordform>examcontrol</wordform>
                <boolean>false</boolean>
              </entry>
              <entry>
                <wordform>itemShowFeedback</wordform>
                <boolean>false</boolean>
              </entry>
              <entry>
                <wordform>showAllAttepmtsOnHomePage</wordform>
                <boolean>false</boolean>
              </entry>
              <entry>
                <wordform>renderMenu</wordform>
                <boolean>false</boolean>
              </entry>
            </config>
          </moduleConfiguration>
          <noAccessExplanation>Dieses Kurselement ist nicht zugänglich.</noAccessExplanation>
          <preConditionVisibility>
            <conditionId>visibility</conditionId>
            <expertMode>false</expertMode>
            <easyModeBeginDates/>
            <easyModeEndDates/>
            <easyModeDisallowGuests>false</easyModeDisallowGuests>
            <easyModeCoachesAndAdmins>false</easyModeCoachesAndAdmins>
            <easyModeAlwaysAllowCoachesAndAdmins>false</easyModeAlwaysAllowCoachesAndAdmins>
            <licencesConditions/>
            <easyModeLicences>false</easyModeLicences>
          </preConditionVisibility>
          <preConditionAccess>
            <conditionId>accessability</conditionId>
            <expertMode>false</expertMode>
            <easyModeBeginDates/>
            <easyModeEndDates/>
            <easyModeDisallowGuests>false</easyModeDisallowGuests>
            <easyModeCoachesAndAdmins>false</easyModeCoachesAndAdmins>
            <easyModeAlwaysAllowCoachesAndAdmins>false</easyModeAlwaysAllowCoachesAndAdmins>
            <licencesConditions/>
            <easyModeLicences>false</easyModeLicences>
          </preConditionAccess>
          <additionalConditions/>
          <preConditionVisibilityTestRun>
            <conditionId>visibilityrun</conditionId>
            <expertMode>false</expertMode>
            <easyModeBeginDates/>
            <easyModeEndDates/>
            <easyModeDisallowGuests>false</easyModeDisallowGuests>
            <easyModeCoachesAndAdmins>false</easyModeCoachesAndAdmins>
            <easyModeAlwaysAllowCoachesAndAdmins>false</easyModeAlwaysAllowCoachesAndAdmins>
            <licencesConditions/>
            <easyModeLicences>false</easyModeLicences>
          </preConditionVisibilityTestRun>
          <preConditionVisibilityAssessment>
            <conditionId>visibilityassessment</conditionId>
            <expertMode>false</expertMode>
            <easyModeBeginDates/>
            <easyModeEndDates/>
            <easyModeDisallowGuests>false</easyModeDisallowGuests>
            <easyModeCoachesAndAdmins>false</easyModeCoachesAndAdmins>
            <easyModeAlwaysAllowCoachesAndAdmins>false</easyModeAlwaysAllowCoachesAndAdmins>
            <licencesConditions/>
            <easyModeLicences>false</easyModeLicences>
          </preConditionVisibilityAssessment>
          <preConditionVisibilityResults>
            <conditionId>visibilityresult</conditionId>
            <expertMode>false</expertMode>
            <easyModeBeginDates/>
            <easyModeEndDates/>
            <easyModeDisallowGuests>false</easyModeDisallowGuests>
            <easyModeCoachesAndAdmins>false</easyModeCoachesAndAdmins>
            <easyModeAlwaysAllowCoachesAndAdmins>false</easyModeAlwaysAllowCoachesAndAdmins>
            <licencesConditions/>
            <easyModeLicences>false</easyModeLicences>
          </preConditionVisibilityResults>
        </cn>
        <dirty>false</dirty>
        <deleted>false</deleted>
        <newnode>false</newnode>
      </org.olat.course.tree.CourseEditorTreeNode>
      <org.olat.course.tree.CourseEditorTreeNode>
        <ident>1656210636502725012</ident>
        <parent class="org.olat.course.tree.CourseEditorTreeNode" reference="../../.."/>
        <children class="linked-list"/>
        <accessible>true</accessible>
        <selected>false</selected>
        <hrefPreferred>false</hrefPreferred>
        <invisible>false</invisible>
        <cn class="org.olat.course.nodes.IQTESTCourseNode">
          <ident>1656210636502725012</ident>
          <type>iqtest</type>
          <shortTitle>Umfrage - Studierende</shortTitle>
          <longTitle></longTitle>
          <learningObjectives>&lt;p&gt;&lt;img src=&quot;logo_sgl2regex_large.png&quot; alt=&quot;&quot; width=&quot;300&quot; /&gt;&lt;/p&gt;</learningObjectives>
          <displayOption>title+desc+content</displayOption>
          <moduleConfiguration>
            <config>
              <entry>
                <wordform>showoverview</wordform>
                <boolean>false</boolean>
              </entry>
              <entry>
                <wordform>cutvalue</wordform>
                <null/>
              </entry>
              <entry>
                <wordform>showResultMarkOnHomePage</wordform>
                <boolean>false</boolean>
              </entry>
              <entry>
                <wordform>enableCancel</wordform>
                <boolean>false</boolean>
              </entry>
              <entry>
                <wordform>itemShowScore</wordform>
                <boolean>false</boolean>
              </entry>
              <entry>
                <wordform>examips</wordform>
                <null/>
              </entry>
              <entry>
                <wordform>result_latest_or_best</wordform>
                <wordform>resultLatest</wordform>
              </entry>
              <entry>
                <wordform>configversion</wordform>
                <int>5</int>
              </entry>
              <entry>
                <wordform>mode</wordform>
                <wordform>Assessment</wordform>
              </entry>
              <entry>
                <wordform>suspendAllowed</wordform>
                <boolean>false</boolean>
              </entry>
              <entry>
                <wordform>testShowSolution</wordform>
                <boolean>false</boolean>
              </entry>
              <entry>
                <wordform>itemShowCorrect</wordform>
                <boolean>false</boolean>
              </entry>
              <entry>
                <wordform>certificateEnabled</wordform>
                <boolean>false</boolean>
              </entry>
              <entry>
                <wordform>enableScoreInfo</wordform>
                <boolean>false</boolean>
              </entry>
              <entry>
                <wordform>enableMenu</wordform>
                <boolean>true</boolean>
              </entry>
              <entry>
                <wordform>testShowFeedback</wordform>
                <boolean>false</boolean>
              </entry>
              <entry>
                <wordform>showAllResultsOnHomePage</wordform>
                <boolean>false</boolean>
              </entry>
              <entry>
                <wordform>showResultsOnHomePage</wordform>
                <boolean>false</boolean>
              </entry>
              <entry>
                <wordform>exambrowser</wordform>
                <boolean>false</boolean>
              </entry>
              <entry>
                <wordform>attempts</wordform>
                <int>0</int>
              </entry>
              <entry>
                <wordform>summary</wordform>
                <wordform>summaryCompact</wordform>
              </entry>
              <entry>
                <wordform>certificateTemplateShow</wordform>
                <boolean>false</boolean>
              </entry>
              <entry>
                <wordform>repoSoftkey</wordform>
                <wordform>myolat_12_1655951263654748</wordform>
              </entry>
              <entry>
                <wordform>examconfirm</wordform>
                <boolean>false</boolean>
              </entry>
              <entry>
                <wordform>showResultScoreOnHomePage</wordform>
                <boolean>false</boolean>
              </entry>
              <entry>
                <wordform>templateid</wordform>
                <wordform>onyxdefault</wordform>
              </entry>
              <entry>
                <wordform>showTaskTitles</wordform>
                <boolean>true</boolean>
              </entry>
              <entry>
                <wordform>showpdf</wordform>
                <boolean>false</boolean>
              </entry>
              <entry>
                <wordform>examsynchronizedstart</wordform>
                <boolean>false</boolean>
              </entry>
              <entry>
                <wordform>enableSuspend</wordform>
                <boolean>false</boolean>
              </entry>
              <entry>
                <wordform>qtitype</wordform>
                <wordform>qti2</wordform>
              </entry>
              <entry>
                <wordform>sequence</wordform>
                <wordform>itemPage</wordform>
              </entry>
              <entry>
                <wordform>itemShowMax</wordform>
                <boolean>false</boolean>
              </entry>
              <entry>
                <wordform>certificateTemplate</wordform>
                <wordform>certificateTemplate_olatce_de</wordform>
              </entry>
              <entry>
                <wordform>itemShowSolution</wordform>
                <boolean>false</boolean>
              </entry>
              <entry>
                <wordform>examcontrol</wordform>
                <boolean>false</boolean>
              </entry>
              <entry>
                <wordform>itemShowFeedback</wordform>
                <boolean>false</boolean>
              </entry>
              <entry>
                <wordform>showAllAttepmtsOnHomePage</wordform>
                <boolean>false</boolean>
              </entry>
              <entry>
                <wordform>renderMenu</wordform>
                <boolean>false</boolean>
              </entry>
            </config>
          </moduleConfiguration>
          <noAccessExplanation>Dieses Kurselement ist nicht zugänglich.</noAccessExplanation>
          <preConditionVisibility>
            <conditionId>visibility</conditionId>
            <expertMode>false</expertMode>
            <easyModeBeginDates/>
            <easyModeEndDates/>
            <easyModeDisallowGuests>false</easyModeDisallowGuests>
            <easyModeCoachesAndAdmins>false</easyModeCoachesAndAdmins>
            <easyModeAlwaysAllowCoachesAndAdmins>false</easyModeAlwaysAllowCoachesAndAdmins>
            <licencesConditions/>
            <easyModeLicences>false</easyModeLicences>
          </preConditionVisibility>
          <preConditionAccess>
            <conditionId>accessability</conditionId>
            <expertMode>false</expertMode>
            <easyModeBeginDates/>
            <easyModeEndDates/>
            <easyModeDisallowGuests>false</easyModeDisallowGuests>
            <easyModeCoachesAndAdmins>false</easyModeCoachesAndAdmins>
            <easyModeAlwaysAllowCoachesAndAdmins>false</easyModeAlwaysAllowCoachesAndAdmins>
            <licencesConditions/>
            <easyModeLicences>false</easyModeLicences>
          </preConditionAccess>
          <additionalConditions/>
          <preConditionVisibilityTestRun>
            <conditionId>visibilityrun</conditionId>
            <expertMode>false</expertMode>
            <easyModeBeginDates/>
            <easyModeEndDates/>
            <easyModeDisallowGuests>false</easyModeDisallowGuests>
            <easyModeCoachesAndAdmins>false</easyModeCoachesAndAdmins>
            <easyModeAlwaysAllowCoachesAndAdmins>false</easyModeAlwaysAllowCoachesAndAdmins>
            <licencesConditions/>
            <easyModeLicences>false</easyModeLicences>
          </preConditionVisibilityTestRun>
          <preConditionVisibilityAssessment>
            <conditionId>visibilityassessment</conditionId>
            <expertMode>false</expertMode>
            <easyModeBeginDates/>
            <easyModeEndDates/>
            <easyModeDisallowGuests>false</easyModeDisallowGuests>
            <easyModeCoachesAndAdmins>false</easyModeCoachesAndAdmins>
            <easyModeAlwaysAllowCoachesAndAdmins>false</easyModeAlwaysAllowCoachesAndAdmins>
            <licencesConditions/>
            <easyModeLicences>false</easyModeLicences>
          </preConditionVisibilityAssessment>
          <preConditionVisibilityResults>
            <conditionId>visibilityresult</conditionId>
            <expertMode>false</expertMode>
            <easyModeBeginDates/>
            <easyModeEndDates/>
            <easyModeDisallowGuests>false</easyModeDisallowGuests>
            <easyModeCoachesAndAdmins>false</easyModeCoachesAndAdmins>
            <easyModeAlwaysAllowCoachesAndAdmins>false</easyModeAlwaysAllowCoachesAndAdmins>
            <licencesConditions/>
            <easyModeLicences>false</easyModeLicences>
          </preConditionVisibilityResults>
        </cn>
        <dirty>false</dirty>
        <deleted>false</deleted>
        <newnode>false</newnode>
      </org.olat.course.tree.CourseEditorTreeNode>
      <org.olat.course.tree.CourseEditorTreeNode>
        <ident>1656037884963335012</ident>
        <parent class="org.olat.course.tree.CourseEditorTreeNode" reference="../../.."/>
        <children class="linked-list"/>
        <accessible>true</accessible>
        <selected>false</selected>
        <hrefPreferred>false</hrefPreferred>
        <invisible>false</invisible>
        <cn class="de.bps.course.nodes.LLCourseNode">
          <ident>1656037884963335012</ident>
          <type>ll</type>
          <shortTitle>Links</shortTitle>
          <longTitle></longTitle>
          <learningObjectives></learningObjectives>
          <displayOption>title+desc+content</displayOption>
          <moduleConfiguration>
            <config>
              <entry>
                <wordform>ll_course_node_id</wordform>
                <wordform>1656037884963335012</wordform>
              </entry>
              <entry>
                <wordform>ll_course_id</wordform>
                <long>1655778412242384003</long>
              </entry>
              <entry>
                <wordform>configversion</wordform>
                <int>3</int>
              </entry>
            </config>
          </moduleConfiguration>
          <noAccessExplanation>Dieses Kurselement ist nicht zugänglich.</noAccessExplanation>
          <preConditionVisibility>
            <conditionId>visibility</conditionId>
            <expertMode>false</expertMode>
            <easyModeBeginDates/>
            <easyModeEndDates/>
            <easyModeDisallowGuests>false</easyModeDisallowGuests>
            <easyModeCoachesAndAdmins>false</easyModeCoachesAndAdmins>
            <easyModeAlwaysAllowCoachesAndAdmins>false</easyModeAlwaysAllowCoachesAndAdmins>
            <licencesConditions/>
            <easyModeLicences>false</easyModeLicences>
          </preConditionVisibility>
          <preConditionAccess>
            <conditionId>accessability</conditionId>
            <expertMode>false</expertMode>
            <easyModeBeginDates/>
            <easyModeEndDates/>
            <easyModeDisallowGuests>false</easyModeDisallowGuests>
            <easyModeCoachesAndAdmins>false</easyModeCoachesAndAdmins>
            <easyModeAlwaysAllowCoachesAndAdmins>false</easyModeAlwaysAllowCoachesAndAdmins>
            <licencesConditions/>
            <easyModeLicences>false</easyModeLicences>
          </preConditionAccess>
          <additionalConditions/>
          <preConditionR>
            <conditionId>readers</conditionId>
            <expertMode>false</expertMode>
            <easyModeBeginDates/>
            <easyModeEndDates/>
            <easyModeDisallowGuests>false</easyModeDisallowGuests>
            <easyModeCoachesAndAdmins>false</easyModeCoachesAndAdmins>
            <easyModeAlwaysAllowCoachesAndAdmins>false</easyModeAlwaysAllowCoachesAndAdmins>
            <licencesConditions/>
            <easyModeLicences>false</easyModeLicences>
          </preConditionR>
          <preConditionRW>
            <conditionId>readerswriters</conditionId>
            <expertMode>false</expertMode>
            <condition>( isCourseCoach() or isCourseAdministrator() )</condition>
            <easyModeBeginDates/>
            <easyModeEndDates/>
            <easyModeDisallowGuests>false</easyModeDisallowGuests>
            <easyModeCoachesAndAdmins>true</easyModeCoachesAndAdmins>
            <easyModeAlwaysAllowCoachesAndAdmins>false</easyModeAlwaysAllowCoachesAndAdmins>
            <licencesConditions/>
            <easyModeLicences>false</easyModeLicences>
          </preConditionRW>
          <preConditionRWD>
            <conditionId>readerswritersdeleters</conditionId>
            <expertMode>false</expertMode>
            <condition>( isCourseCoach() or isCourseAdministrator() )</condition>
            <easyModeBeginDates/>
            <easyModeEndDates/>
            <easyModeDisallowGuests>false</easyModeDisallowGuests>
            <easyModeCoachesAndAdmins>true</easyModeCoachesAndAdmins>
            <easyModeAlwaysAllowCoachesAndAdmins>false</easyModeAlwaysAllowCoachesAndAdmins>
            <licencesConditions/>
            <easyModeLicences>false</easyModeLicences>
          </preConditionRWD>
        </cn>
        <dirty>false</dirty>
        <deleted>false</deleted>
        <newnode>false</newnode>
      </org.olat.course.tree.CourseEditorTreeNode>
    </children>
    <accessible>true</accessible>
    <selected>false</selected>
    <hrefPreferred>false</hrefPreferred>
    <invisible>false</invisible>
    <cn class="org.olat.course.nodes.RootCourseNode">
      <ident>1655778412242385003</ident>
      <type>root</type>
      <shortTitle>StEx 2022/23 - sql2regex</shortTitle>
      <longTitle>StEx 2022/23 - sql2regex</longTitle>
      <learningObjectives></learningObjectives>
      <displayOption>title+desc+content</displayOption>
      <moduleConfiguration>
        <config>
          <entry>
            <wordform>courseEnrolmentEnabled</wordform>
            <boolean>false</boolean>
          </entry>
          <entry>
            <wordform>columns</wordform>
            <int>1</int>
          </entry>
          <entry>
            <wordform>courseEnrolmentMailSubject</wordform>
            <wordform></wordform>
          </entry>
          <entry>
            <wordform>display</wordform>
            <wordform>peekview</wordform>
          </entry>
          <entry>
            <wordform>courseEnrolmentGroupId</wordform>
            <wordform>0</wordform>
          </entry>
          <entry>
            <wordform>courseEnrolmentMailEnabled</wordform>
            <boolean>false</boolean>
          </entry>
          <entry>
            <wordform>courseEnrolmentMailBody</wordform>
            <wordform></wordform>
          </entry>
          <entry>
            <wordform>progressEnabled</wordform>
            <boolean>false</boolean>
          </entry>
          <entry>
            <wordform>configversion</wordform>
            <int>3</int>
          </entry>
        </config>
      </moduleConfiguration>
      <preConditionVisibility>
        <conditionId>visibility</conditionId>
        <expertMode>false</expertMode>
        <easyModeBeginDates/>
        <easyModeEndDates/>
        <easyModeDisallowGuests>false</easyModeDisallowGuests>
        <easyModeCoachesAndAdmins>false</easyModeCoachesAndAdmins>
        <easyModeAlwaysAllowCoachesAndAdmins>false</easyModeAlwaysAllowCoachesAndAdmins>
        <licencesConditions/>
        <easyModeLicences>false</easyModeLicences>
      </preConditionVisibility>
      <preConditionAccess>
        <conditionId>accessability</conditionId>
        <expertMode>false</expertMode>
        <condition>isPasswordConfirmed(&quot;sql2regex&quot;) or ( isCourseCoach() or isCourseAdministrator() )</condition>
        <easyModeBeginDates>
          <null/>
        </easyModeBeginDates>
        <easyModeEndDates>
          <null/>
        </easyModeEndDates>
        <easyModeDisallowGuests>false</easyModeDisallowGuests>
        <easyModeCoachesAndAdmins>false</easyModeCoachesAndAdmins>
        <easyModeAlwaysAllowCoachesAndAdmins>true</easyModeAlwaysAllowCoachesAndAdmins>
        <licencesConditions/>
        <easyModeLicences>false</easyModeLicences>
        <password>sql2regex</password>
      </preConditionAccess>
      <additionalConditions/>
      <scoreCalculator>
        <expertMode>false</expertMode>
        <passedCutValue>0</passedCutValue>
      </scoreCalculator>
      <evaluateAsSubcourse>false</evaluateAsSubcourse>
    </cn>
    <dirty>false</dirty>
    <deleted>false</deleted>
    <newnode>false</newnode>
  </rootNode>
  <latestPublishTimestamp>1656239281824</latestPublishTimestamp>
  <highestNodeId>0</highestNodeId>
  <version>6</version>
</org.olat.course.tree.CourseEditorTreeModel>