<?xml version="1.0" encoding="UTF-8"?>

<RepositoryEntryProperties>
  <Softkey>myolat_3_1655778409577863</Softkey>
  <ResourceName>StEx_2021_22_-_sql2regex</ResourceName>
  <DisplayName>StEx 2022/23 - sql2regex</DisplayName>
  <Description></Description>
  <InitialAuthor>s6363112@tu-dresden.de</InitialAuthor>
  <Metadata>&lt;list&gt; &lt;org.olat.repository.MetaDataElement&gt; &lt;creationDate class="sql-timestamp"&gt;2022-06-21 14:39:31.631&lt;/creationDate&gt; &lt;version&gt;0&lt;/version&gt; &lt;name&gt;lastOwnerAccess&lt;/name&gt; &lt;value&gt;1656169591109&lt;/value&gt; &lt;repoKey&gt;0&lt;/repoKey&gt; &lt;/org.olat.repository.MetaDataElement&gt; &lt;org.olat.repository.MetaDataElement&gt; &lt;creationDate class="sql-timestamp"&gt;2022-06-21 14:43:03.362&lt;/creationDate&gt; &lt;version&gt;0&lt;/version&gt; &lt;name&gt;firstPublished&lt;/name&gt; &lt;value&gt;1655822583362&lt;/value&gt; &lt;repoKey&gt;0&lt;/repoKey&gt; &lt;/org.olat.repository.MetaDataElement&gt; &lt;org.olat.repository.MetaDataElement&gt; &lt;creationDate class="sql-timestamp"&gt;2022-06-21 14:43:03.362&lt;/creationDate&gt; &lt;version&gt;0&lt;/version&gt; &lt;name&gt;lastPublished&lt;/name&gt; &lt;value&gt;1656239281769&lt;/value&gt; &lt;repoKey&gt;0&lt;/repoKey&gt; &lt;/org.olat.repository.MetaDataElement&gt; &lt;org.olat.repository.MetaDataElement&gt; &lt;creationDate class="sql-timestamp"&gt;2022-06-23 14:12:22.308&lt;/creationDate&gt; &lt;version&gt;0&lt;/version&gt; &lt;name&gt;olatlinkinteresting&lt;/name&gt; &lt;value&gt;&lt;/value&gt; &lt;repoKey&gt;0&lt;/repoKey&gt; &lt;/org.olat.repository.MetaDataElement&gt; &lt;/list&gt;</Metadata>
</RepositoryEntryProperties>
