<?xml version="1.0" encoding="UTF-8"?>

<RepositoryEntryProperties>
  <Softkey>myolat_12_1655951263654748</Softkey>
  <ResourceName>sql2regex.zip</ResourceName>
  <DisplayName>sql2regex - Studierende</DisplayName>
  <Description></Description>
  <InitialAuthor>s6363112@tu-dresden.de</InitialAuthor>
  <Metadata>&lt;list&gt; &lt;org.olat.repository.MetaDataElement&gt; &lt;creationDate class="sql-timestamp"&gt;2022-06-23 14:08:10.719&lt;/creationDate&gt; &lt;version&gt;0&lt;/version&gt; &lt;name&gt;test_type&lt;/name&gt; &lt;value&gt;TEST_TYPE_ONYX&lt;/value&gt; &lt;repoKey&gt;0&lt;/repoKey&gt; &lt;/org.olat.repository.MetaDataElement&gt; &lt;org.olat.repository.MetaDataElement&gt; &lt;creationDate class="sql-timestamp"&gt;2022-06-23 14:09:32.823&lt;/creationDate&gt; &lt;version&gt;0&lt;/version&gt; &lt;name&gt;RESSOURCE_TYPE&lt;/name&gt; &lt;value&gt;TEST&lt;/value&gt; &lt;repoKey&gt;0&lt;/repoKey&gt; &lt;/org.olat.repository.MetaDataElement&gt; &lt;org.olat.repository.MetaDataElement&gt; &lt;creationDate class="sql-timestamp"&gt;2022-06-23 14:09:32.823&lt;/creationDate&gt; &lt;version&gt;0&lt;/version&gt; &lt;name&gt;PRODUCER&lt;/name&gt; &lt;value&gt;BPS Bildungsportal Sachsen GmbH&lt;/value&gt; &lt;repoKey&gt;0&lt;/repoKey&gt; &lt;/org.olat.repository.MetaDataElement&gt; &lt;org.olat.repository.MetaDataElement&gt; &lt;creationDate class="sql-timestamp"&gt;2022-06-23 14:09:32.823&lt;/creationDate&gt; &lt;version&gt;0&lt;/version&gt; &lt;name&gt;FORMAT&lt;/name&gt; &lt;value&gt;IMS QTI 2.1&lt;/value&gt; &lt;repoKey&gt;0&lt;/repoKey&gt; &lt;/org.olat.repository.MetaDataElement&gt; &lt;org.olat.repository.MetaDataElement&gt; &lt;creationDate class="sql-timestamp"&gt;2022-06-23 14:09:32.823&lt;/creationDate&gt; &lt;version&gt;0&lt;/version&gt; &lt;name&gt;LAST_ACCESS&lt;/name&gt; &lt;value&gt;2022-06-23T16:08:10Z&lt;/value&gt; &lt;repoKey&gt;0&lt;/repoKey&gt; &lt;timevalue class="sql-timestamp"&gt;2022-06-23 14:08:10&lt;/timevalue&gt; &lt;/org.olat.repository.MetaDataElement&gt; &lt;org.olat.repository.MetaDataElement&gt; &lt;creationDate class="sql-timestamp"&gt;2022-06-23 14:09:32.823&lt;/creationDate&gt; &lt;version&gt;0&lt;/version&gt; &lt;name&gt;CREATION_DATE&lt;/name&gt; &lt;value&gt;2022-06-23T16:08:10Z&lt;/value&gt; &lt;repoKey&gt;0&lt;/repoKey&gt; &lt;timevalue class="sql-timestamp"&gt;2022-06-23 14:08:10&lt;/timevalue&gt; &lt;/org.olat.repository.MetaDataElement&gt; &lt;org.olat.repository.MetaDataElement&gt; &lt;creationDate class="sql-timestamp"&gt;2022-06-23 14:09:32.823&lt;/creationDate&gt; &lt;version&gt;0&lt;/version&gt; &lt;name&gt;LAST_MODIFIED&lt;/name&gt; &lt;value&gt;2022-06-26T12:21:05Z&lt;/value&gt; &lt;repoKey&gt;0&lt;/repoKey&gt; &lt;timevalue class="sql-timestamp"&gt;2022-06-26 10:21:05&lt;/timevalue&gt; &lt;/org.olat.repository.MetaDataElement&gt; &lt;org.olat.repository.MetaDataElement&gt; &lt;creationDate class="sql-timestamp"&gt;2022-06-23 14:09:32.823&lt;/creationDate&gt; &lt;version&gt;0&lt;/version&gt; &lt;name&gt;AUTHOR&lt;/name&gt; &lt;value&gt;s6363112@tu-dresden.de&lt;/value&gt; &lt;repoKey&gt;0&lt;/repoKey&gt; &lt;/org.olat.repository.MetaDataElement&gt; &lt;org.olat.repository.MetaDataElement&gt; &lt;creationDate class="sql-timestamp"&gt;2022-06-23 14:09:32.823&lt;/creationDate&gt; &lt;version&gt;0&lt;/version&gt; &lt;name&gt;FAVOURITE&lt;/name&gt; &lt;value&gt;false&lt;/value&gt; &lt;repoKey&gt;0&lt;/repoKey&gt; &lt;/org.olat.repository.MetaDataElement&gt; &lt;org.olat.repository.MetaDataElement&gt; &lt;creationDate class="sql-timestamp"&gt;2022-06-23 14:09:32.823&lt;/creationDate&gt; &lt;version&gt;0&lt;/version&gt; &lt;name&gt;DESCRIPTION&lt;/name&gt; &lt;value&gt;&lt;/value&gt; &lt;repoKey&gt;0&lt;/repoKey&gt; &lt;/org.olat.repository.MetaDataElement&gt; &lt;org.olat.repository.MetaDataElement&gt; &lt;creationDate class="sql-timestamp"&gt;2022-06-23 14:09:32.823&lt;/creationDate&gt; &lt;version&gt;0&lt;/version&gt; &lt;name&gt;VERSION&lt;/name&gt; &lt;value&gt;9.18.2.1&lt;/value&gt; &lt;repoKey&gt;0&lt;/repoKey&gt; &lt;/org.olat.repository.MetaDataElement&gt; &lt;org.olat.repository.MetaDataElement&gt; &lt;creationDate class="sql-timestamp"&gt;2022-06-23 14:09:32.823&lt;/creationDate&gt; &lt;version&gt;0&lt;/version&gt; &lt;name&gt;IDENTIFIER&lt;/name&gt; &lt;value&gt;id81fbd86d-6ed5-4be5-9053-d4131678fab6&lt;/value&gt; &lt;repoKey&gt;0&lt;/repoKey&gt; &lt;/org.olat.repository.MetaDataElement&gt; &lt;org.olat.repository.MetaDataElement&gt; &lt;creationDate class="sql-timestamp"&gt;2022-06-23 14:09:32.823&lt;/creationDate&gt; &lt;version&gt;0&lt;/version&gt; &lt;name&gt;FILENAME&lt;/name&gt; &lt;value&gt;sql2regex.zip&lt;/value&gt; &lt;repoKey&gt;0&lt;/repoKey&gt; &lt;/org.olat.repository.MetaDataElement&gt; &lt;org.olat.repository.MetaDataElement&gt; &lt;creationDate class="sql-timestamp"&gt;2022-06-23 14:09:32.823&lt;/creationDate&gt; &lt;version&gt;0&lt;/version&gt; &lt;name&gt;LICENSE&lt;/name&gt; &lt;value&gt;&lt;/value&gt; &lt;repoKey&gt;0&lt;/repoKey&gt; &lt;/org.olat.repository.MetaDataElement&gt; &lt;org.olat.repository.MetaDataElement&gt; &lt;creationDate class="sql-timestamp"&gt;2022-06-23 14:09:32.823&lt;/creationDate&gt; &lt;version&gt;0&lt;/version&gt; &lt;name&gt;TOOL&lt;/name&gt; &lt;value&gt;ONYX Editor&lt;/value&gt; &lt;repoKey&gt;0&lt;/repoKey&gt; &lt;/org.olat.repository.MetaDataElement&gt; &lt;org.olat.repository.MetaDataElement&gt; &lt;creationDate class="sql-timestamp"&gt;2022-06-23 14:10:56.992&lt;/creationDate&gt; &lt;version&gt;0&lt;/version&gt; &lt;name&gt;LINK&lt;/name&gt; &lt;value&gt;https://bildungsportal.sachsen.de/opal/auth/RepositoryEntry/35840622596&lt;/value&gt; &lt;repoKey&gt;0&lt;/repoKey&gt; &lt;/org.olat.repository.MetaDataElement&gt; &lt;org.olat.repository.MetaDataElement&gt; &lt;creationDate class="sql-timestamp"&gt;2022-06-23 14:11:38.205&lt;/creationDate&gt; &lt;version&gt;0&lt;/version&gt; &lt;name&gt;lastOwnerAccess&lt;/name&gt; &lt;value&gt;1656192487708&lt;/value&gt; &lt;repoKey&gt;0&lt;/repoKey&gt; &lt;/org.olat.repository.MetaDataElement&gt; &lt;org.olat.repository.MetaDataElement&gt; &lt;creationDate class="sql-timestamp"&gt;2022-06-23 14:16:48.222&lt;/creationDate&gt; &lt;version&gt;0&lt;/version&gt; &lt;name&gt;ITEM_TYPE&lt;/name&gt; &lt;value&gt;MULTIPLE_CHOICE&lt;/value&gt; &lt;repoKey&gt;0&lt;/repoKey&gt; &lt;/org.olat.repository.MetaDataElement&gt; &lt;org.olat.repository.MetaDataElement&gt; &lt;creationDate class="sql-timestamp"&gt;2022-06-26 10:21:06.656&lt;/creationDate&gt; &lt;version&gt;0&lt;/version&gt; &lt;name&gt;NAME&lt;/name&gt; &lt;value&gt;sql2regex - Studierende&lt;/value&gt; &lt;repoKey&gt;0&lt;/repoKey&gt; &lt;/org.olat.repository.MetaDataElement&gt; &lt;org.olat.repository.MetaDataElement&gt; &lt;creationDate class="sql-timestamp"&gt;2022-06-26 10:21:06.656&lt;/creationDate&gt; &lt;version&gt;0&lt;/version&gt; &lt;name&gt;NAME&lt;/name&gt; &lt;value&gt;sql2regex - Studierende&lt;/value&gt; &lt;repoKey&gt;0&lt;/repoKey&gt; &lt;metagroup&gt;NAME&lt;/metagroup&gt; &lt;/org.olat.repository.MetaDataElement&gt; &lt;/list&gt;</Metadata>
</RepositoryEntryProperties>
