<?xml version="1.0" encoding="UTF-8"?>
<list>
  <de.bps.course.nodes.ll.LinkListEntry>
    <target>https://github.com/StEx2022-23/sql2regex</target>
    <description>sql2regex - github respository</description>
    <comment>Patrick Binkert, Maximilian Förster</comment>
    <htmlTarget>_blank</htmlTarget>
  </de.bps.course.nodes.ll.LinkListEntry>
  <de.bps.course.nodes.ll.LinkListEntry>
    <target>https://sql2regex.herokuapp.com/?lang=en_us</target>
    <description>sql2regex - converter</description>
    <comment>Patrick Binkert, Maximilian Förster</comment>
    <htmlTarget>_blank</htmlTarget>
  </de.bps.course.nodes.ll.LinkListEntry>
  <de.bps.course.nodes.ll.LinkListEntry>
    <target>https://tu-dresden.de/ing/informatik/smt/ddi</target>
    <description>Didaktik der Informatik</description>
    <comment>Patrick Binkert, Maximilian Förster</comment>
    <htmlTarget>_blank</htmlTarget>
  </de.bps.course.nodes.ll.LinkListEntry>
  <de.bps.course.nodes.ll.LinkListEntry>
    <target>https://www.binkert-patrick.de/</target>
    <description>Patrick Binkert</description>
    <comment></comment>
    <htmlTarget>_blank</htmlTarget>
  </de.bps.course.nodes.ll.LinkListEntry>
  <de.bps.course.nodes.ll.LinkListEntry>
    <target>https://github.com/alletkla</target>
    <description>Maximilian Förster</description>
    <comment></comment>
    <htmlTarget>_blank</htmlTarget>
  </de.bps.course.nodes.ll.LinkListEntry>
</list>